{
  "Сихівський": [
    [49.818516, 24.020271],
    [49.805817, 24.018770],
    [49.798282, 24.016435],
    [49.783532, 24.013433],
    [49.768894, 24.013853],
    [49.767457, 24.032474],
    [49.768478, 24.107122],
    [49.813906, 24.078240],
    [49.816072, 24.069229],
    [49.816186, 24.062691],
    [49.821083, 24.055831],
    [49.819754, 24.053600],
    [49.818259, 24.054243],
    [49.816486, 24.046261],
    [49.822882, 24.038622],
    [49.821747, 24.028537]
  ],
  "Франківський": [
    [49.769389, 24.012534],
    [49.769389, 24.012534],
    [49.809137, 23.981672],
    [49.822635, 23.988836],
    [49.832106, 23.975684],
    [49.837235, 24.003977],
    [49.834670, 24.021105],
    [49.783152, 24.013000]
  ],
  "Залізничний": [
    [49.800744, 23.977826],
    [49.822701, 23.987872],
    [49.832212, 23.975558],
    [49.839945, 24.012338],
    [49.844229, 24.011366]
  ],
  "Шевченківський": [
    [49.863942, 23.913322],
    [49.859158, 23.972690],
    [49.843664, 24.018276],
    [49.851867, 24.019690],
    [49.852095, 24.041600],
    [49.875821, 24.064549],
    [49.898125, 24.057433],
    [49.882557, 23.914288]
  ],
  "Галицький": [
    [49.818811, 24.019992],
    [49.835113, 24.020892],
    [49.837021, 24.004495],
    [49.841512, 24.016022],
    [49.842831, 24.016022],
    [49.843242, 24.020068],
    [49.851686, 24.019659],
    [49.852213, 24.042484],
    [49.847757, 24.050168],
    [49.839559, 24.039318],
    [49.839509, 24.036260],
    [49.830607, 24.035495],
    [49.826488, 24.044594],
    [49.821055, 24.054842],
    [49.817307, 24.046289],
    [49.824710, 24.038458],
    [49.823174, 24.026910]
  ],
  "Личаківський": [
    [49.876340, 24.068559],
    [49.852397, 24.046569],
    [49.846840, 24.051026],
    [49.838504, 24.037803],
    [49.831604, 24.035871],
    [49.827195, 24.046717],
    [49.816843, 24.064398],
    [49.814446, 24.078662],
    [49.809748, 24.080742],
    [49.810323, 24.091588],
    [49.842625, 24.120264]
  ]
}